{"2":{"body":{"vertices":[[8.1,-23.800001],[11.400001,-24.1],[13.8,-21.800001],[13.7,-18.1],[10.5,-15.5],[11.400001,-13.6],[11.1,-7.1],[9.2,-6.4],[7.1,-1.1],[4.8,-0.1],[3.3,-6.5],[-4.4,-0.1],[-9.0,-0.8],[-0.1,-10.3],[1.7,-15.1],[0.7,-16.4],[-3.6000001,-17.2],[-4.5,-19.9],[0.90000004,-19.9],[5.6,-18.6],[6.2000003,-22.2]]}},"4":{"body":{"vertices":[[-5.3,-19.9],[0.3,-20.9],[3.0,-16.1],[2.1000001,-10.0],[6.7000003,-0.7],[4.2000003,-0.90000004],[-2.3,-6.9],[-6.3,-0.3],[-7.9,-0.90000004],[-6.5,-7.7000003],[-8.0,-9.400001],[-6.9,-15.6]]}},"5":{"body":{"vertices":[[8.0,-22.300001],[10.2,-20.5],[10.2,-15.7],[4.4,-9.8],[5.7000003,-6.2000003],[7.2000003,-0.4],[4.1,-0.5],[0.4,-6.4],[-5.7000003,-0.6],[-7.8,-0.7],[-3.9,-10.900001],[-3.8,-14.1],[-6.8,-14.7],[1.7,-18.7],[4.4,-21.7]]}},"0":{"body":{"vertices":[[8.1,-23.800001],[11.400001,-24.1],[13.8,-21.800001],[13.7,-18.1],[10.5,-15.5],[16.5,-9.1],[14.7,-6.7000003],[9.1,-12.2],[7.7000003,-8.8],[9.900001,-5.8],[7.1,-1.1],[4.8,-0.1],[3.8,-4.9],[-4.4,-0.1],[-9.0,-0.8],[-0.1,-10.3],[1.7,-15.1],[0.7,-16.4],[-2.1000001,-15.6],[-6.0,-17.1],[0.90000004,-19.9],[5.6,-18.6],[6.2000003,-22.2]]}},"1":{"body":{"vertices":[[10.3,-23.2],[12.7,-23.7],[15.6,-21.0],[14.8,-17.1],[10.5,-15.5],[12.3,-13.0],[12.0,-6.5],[9.900001,-5.8],[7.1,-1.1],[4.8,-0.1],[3.8,-4.9],[-4.4,-0.1],[-9.0,-0.8],[-0.1,-10.3],[1.7,-15.1],[0.7,-16.4],[-2.1000001,-15.6],[-3.9,-19.0],[0.90000004,-19.9],[6.6,-17.7],[7.9,-21.6]]}},"3":{"body":{"vertices":[[9.900001,-20.800001],[10.1,-16.1],[8.400001,-13.6],[4.8,-7.9],[7.1,-1.1],[4.8,-0.1],[0.90000004,-6.6],[-4.3,-1.6],[-9.0,-0.8],[-4.3,-8.400001],[-2.6000001,-13.1],[-6.6,-13.6],[-3.8,-16.9],[1.2,-18.4],[4.4,-21.800001]]}}}