{"0":{"body":{"vertices":[[-1.5,-27.1],[3.2,-28.300001],[5.9,-26.300001],[5.3,-20.2],[10.3,-16.6],[6.0,-13.0],[4.0,-16.0],[3.5,-12.7],[5.7000003,-9.400001],[7.2000003,-0.8],[4.3,-0.8],[3.6000001,-6.3],[0.0,-8.3],[-7.1,-0.2],[-10.2,-1.2],[-3.4,-11.8],[-4.8,-16.300001],[-11.3,-18.9],[-14.0,-22.0],[-11.400001,-23.0],[-8.5,-20.6],[-0.7,-20.800001]]}},"1":{"body":{"vertices":[[6.1,-28.4],[8.1,-26.800001],[8.1,-23.300001],[6.6,-18.5],[13.400001,-14.8],[12.1,-12.8],[5.8,-14.900001],[5.3,-12.8],[8.1,-7.6],[7.2000003,-0.4],[4.2000003,-0.90000004],[1.8000001,-7.9],[-6.6,-0.7],[-10.0,-1.3000001],[-1.5,-13.1],[-1.9,-18.1],[-5.4,-31.800001],[-3.4,-32.0],[0.0,-27.4]]}},"2":{"body":{"vertices":[[8.2,-25.300001],[8.7,-29.2],[11.7,-28.9],[11.400001,-21.1],[6.7000003,-13.1],[6.3,-10.900001],[9.1,-7.1],[7.0,-1.3000001],[4.6,-0.4],[2.9,-6.7000003],[-2.7,-0.1],[-8.7,-0.90000004],[-4.3,-6.3],[-0.8,-12.3],[-3.5,-15.6],[3.2,-19.800001],[4.8,-23.2]]}}}