{"0":{"body":{"vertices":[[8.3,-21.1],[12.2,-21.1],[14.5,-19.4],[14.8,-15.2],[12.3,-12.7],[12.3,-3.5],[7.2000003,-0.4],[3.8,-0.5],[3.5,-5.5],[-2.9,-1.0],[-8.400001,-0.4],[0.90000004,-9.900001],[-2.7,-12.3],[0.2,-15.8],[6.5,-16.6]]}},"3":{"attack":{"vertices":[[23.9,-15.6],[14.6,-23.300001],[7.3,-26.0],[-5.2000003,-26.1],[-11.0,-22.800001],[-14.900001,-23.300001],[-13.3,-28.6],[-9.7,-33.8],[-4.2000003,-37.2],[3.2,-36.2],[14.7,-32.5],[21.5,-25.6]]},"body":{"vertices":[[0.1,-26.9],[1.9,-25.6],[2.1000001,-20.9],[0.8,-18.7],[2.9,-18.0],[10.3,-11.3],[6.0,-11.2],[2.3,-13.6],[1.6,-11.0],[5.8,-7.0],[6.2000003,-0.1],[4.5,0.0],[3.5,-4.3],[-2.7,-8.900001],[-5.3,-4.1],[-5.4,-0.1],[-7.5,-0.2],[-7.9,-6.4],[-5.1,-9.7],[-5.4,-15.400001],[-14.5,-22.300001],[-10.2,-22.2],[-6.2000003,-21.0],[-6.0,-24.7],[-2.8,-27.5]]}},"1":{"body":{"vertices":[[9.7,-20.9],[11.3,-17.1],[14.3,-15.7],[13.7,-12.1],[11.6,-13.0],[5.1,-13.1],[6.6,-9.8],[7.4,-0.7],[4.4,-0.4],[3.4,-6.2000003],[0.0,-7.7000003],[-5.1,-0.7],[-7.3,-0.3],[-7.5,-3.9],[-5.0,-6.3],[-4.4,-11.5],[-1.3000001,-16.0],[2.2,-16.4],[2.7,-18.7],[6.7000003,-22.0]]}},"2":{"attack":{"vertices":[[21.5,-33.7],[26.300001,-20.300001],[20.800001,-0.8],[11.8,-7.9],[15.3,-13.3],[12.1,-19.9],[4.3,-22.7],[11.900001,-30.1]]},"body":{"vertices":[[0.5,-22.1],[6.9,-21.800001],[6.9,-19.1],[3.6000001,-18.5],[1.0,-15.8],[5.0,-15.2],[9.2,-11.3],[8.0,-10.3],[3.6000001,-12.400001],[3.1000001,-8.900001],[5.9,-5.9],[6.6,-0.6],[4.5,-0.8],[3.7,-3.8],[-0.1,-7.1],[-4.3,-1.9],[-7.3,-0.6],[-7.6,-3.9],[-2.8,-10.5],[-3.7,-17.5],[-7.5,-20.2],[-5.8,-25.0],[-1.1,-25.0]]}},"4":{"body":{"vertices":[[2.7,-28.6],[2.3,-20.300001],[8.0,-15.8],[8.1,-13.2],[2.3,-15.8],[1.1,-12.5],[5.6,-8.5],[7.0,-0.5],[4.4,-0.7],[3.5,-6.1],[-1.3000001,-10.400001],[-2.3,-7.3],[-6.9,-0.5],[-9.8,-0.1],[-5.2000003,-10.8],[-5.4,-15.400001],[-10.5,-12.3],[-11.8,-15.6],[-4.3,-20.7],[-4.2000003,-28.4]]}}}