{"3":{"body":{"vertices":[[-3.8,-21.6],[-4.6,-26.5],[-3.0,-29.300001],[0.90000004,-28.9],[3.0,-26.300001],[3.0,-24.0],[1.3000001,-21.1],[8.1,-15.8],[8.1,-13.3],[2.8,-16.6],[1.7,-13.3],[5.7000003,-9.400001],[6.9,-0.3],[4.6,-0.3],[3.4,-6.1],[-0.90000004,-9.400001],[-6.6,0.1],[-9.900001,-0.90000004],[-5.4,-14.8],[-10.5,-12.2],[-12.6,-15.900001],[-6.1,-19.7]]}},"2":{"body":{"vertices":[[-6.0,-20.2],[-5.0,-25.7],[0.0,-26.9],[1.3000001,-25.2],[1.5,-18.9],[10.400001,-11.8],[6.2000003,-11.3],[1.9,-13.7],[1.8000001,-11.0],[5.9,-7.1],[5.8,-0.8],[4.5,-0.4],[3.4,-3.9],[-0.4,-8.6],[-2.6000001,-9.1],[-5.2000003,-4.0],[-5.7000003,-0.7],[-8.400001,-0.7],[-7.8,-7.1],[-5.4,-9.7],[-5.0,-15.7],[-13.6,-21.9]]}},"0":{"body":{"vertices":[[2.7,-19.800001],[4.8,-22.1],[9.0,-22.0],[12.6,-17.5],[14.8,-14.6],[12.7,-12.400001],[10.5,-13.6],[5.2000003,-13.6],[7.0,-7.7000003],[7.1,-1.0],[4.0,-0.4],[3.5,-6.4],[0.4,-7.6],[-5.1,-0.8],[-7.5,-0.4],[-8.1,-3.7],[-4.6,-8.2],[-1.6,-16.0],[2.4,-16.7]]}},"1":{"body":{"vertices":[[-1.8000001,-24.800001],[1.0,-22.0],[7.1,-22.0],[3.8,-18.7],[0.90000004,-15.7],[5.3,-14.8],[9.6,-12.5],[7.5,-10.5],[3.3,-12.400001],[3.6000001,-8.900001],[5.9,-7.0],[6.9,-0.7],[4.2000003,-0.6],[1.6,-6.6],[-0.3,-7.0],[-4.8,-0.7],[-7.8,-0.8],[-7.8,-4.0],[-3.1000001,-9.7],[-3.3,-16.9],[-7.6,-19.6],[-4.6,-25.0]]}}}