{
  "0": {
    "body": {
      "vertices": [
        [
          3.8,
          -27.4
        ],
        [
          6.0,
          -25.7
        ],
        [
          5.8,
          -23.2
        ],
        [
          4.0,
          -20.5
        ],
        [
          8.400001,
          -17.1
        ],
        [
          8.400001,
          -13.0
        ],
        [
          4.8,
          -12.1
        ],
        [
          6.2000003,
          -9.5
        ],
        [
          7.1,
          -0.7
        ],
        [
          3.8,
          -0.7
        ],
        [
          4.1,
          -7.0
        ],
        [
          0.4,
          -9.1
        ],
        [
          -7.2000003,
          -0.1
        ],
        [
          -9.7,
          -0.4
        ],
        [
          -5.8,
          -8.1
        ],
        [
          -2.3,
          -12.2
        ],
        [
          -4.5,
          -16.2
        ],
        [
          -2.9,
          -19.9
        ],
        [
          -0.2,
          -20.5
        ],
        [
          -2.4,
          -24.4
        ],
        [
          -0.5,
          -28.0
        ]
      ]
    }
  },
  "2": {
    "body": {
      "vertices": [
        [
          3.1000001,
          -27.1
        ],
        [
          3.9,
          -20.9
        ],
        [
          7.1,
          -18.6
        ],
        [
          12.900001,
          -15.5
        ],
        [
          5.9,
          -15.5
        ],
        [
          3.0,
          -13.900001
        ],
        [
          6.2000003,
          -9.5
        ],
        [
          7.1,
          -0.7
        ],
        [
          3.8,
          -0.7
        ],
        [
          4.1,
          -7.0
        ],
        [
          0.4,
          -9.1
        ],
        [
          -7.2000003,
          -0.1
        ],
        [
          -9.7,
          -0.4
        ],
        [
          -5.8,
          -8.1
        ],
        [
          -2.3,
          -12.2
        ],
        [
          -4.5,
          -16.2
        ],
        [
          -4.5,
          -19.300001
        ],
        [
          -2.2,
          -20.5
        ],
        [
          -4.2000003,
          -24.300001
        ],
        [
          -1.7,
          -28.0
        ]
      ]
    },
    "deflect": {
      "vertices": [
        [
          1.2,
          -28.4
        ],
        [
          9.3,
          -28.0
        ],
        [
          15.2,
          -25.1
        ],
        [
          3.3,
          -25.300001
        ]
      ]
    }
  },
  "1": {
    "body": {
      "vertices": [
        [
          3.1000001,
          -27.1
        ],
        [
          4.8,
          -22.800001
        ],
        [
          10.1,
          -23.5
        ],
        [
          9.5,
          -20.0
        ],
        [
          7.1,
          -18.6
        ],
        [
          12.0,
          -16.7
        ],
        [
          11.6,
          -14.900001
        ],
        [
          5.9,
          -15.5
        ],
        [
          3.0,
          -13.900001
        ],
        [
          6.2000003,
          -9.5
        ],
        [
          7.1,
          -0.7
        ],
        [
          3.8,
          -0.7
        ],
        [
          4.1,
          -7.0
        ],
        [
          0.4,
          -9.1
        ],
        [
          -7.2000003,
          -0.1
        ],
        [
          -9.7,
          -0.4
        ],
        [
          -5.8,
          -8.1
        ],
        [
          -2.3,
          -12.2
        ],
        [
          -4.5,
          -16.2
        ],
        [
          -4.5,
          -19.300001
        ],
        [
          -2.2,
          -20.5
        ],
        [
          -4.2000003,
          -24.300001
        ],
        [
          -1.7,
          -28.0
        ]
      ]
    },
    "deflect": {
      "vertices": [
        [
          6.2000003,
          -23.7
        ],
        [
          8.7,
          -25.800001
        ],
        [
          10.5,
          -26.1
        ],
        [
          10.6,
          -23.300001
        ],
        [
          8.400001,
          -20.0
        ]
      ]
    }
  }
}
