{"2":{"body":{"vertices":[[-3.7,-19.9],[-1.3000001,-21.4],[-0.6,-26.0],[2.7,-28.5],[5.4,-27.300001],[7.2000003,-25.2],[5.0,-21.0],[4.7000003,-18.4],[5.9,-16.800001],[3.3,-11.5],[6.2000003,-9.1],[7.1,-0.6],[4.1,-0.7],[-1.7,-7.9],[-6.7000003,-0.4],[-10.7,-0.7],[-4.2000003,-12.7],[-5.5,-17.800001]]}},"3":{"body":{"vertices":[[-3.7,-19.9],[-1.3000001,-21.4],[-0.6,-26.0],[2.7,-28.5],[5.4,-27.300001],[7.2000003,-25.2],[5.0,-21.0],[4.7000003,-18.4],[5.9,-16.800001],[3.3,-11.5],[6.2000003,-9.1],[7.1,-0.6],[4.1,-0.7],[-1.7,-7.9],[-6.7000003,-0.4],[-10.7,-0.7],[-4.2000003,-12.7],[-5.5,-17.800001]]}},"0":{"body":{"vertices":[[-3.7,-19.9],[-1.3000001,-21.4],[-0.6,-26.0],[2.7,-28.5],[5.4,-27.300001],[7.2000003,-25.2],[5.0,-21.0],[4.7000003,-18.4],[5.9,-16.800001],[3.3,-11.5],[6.2000003,-9.1],[7.1,-0.6],[4.1,-0.7],[-1.7,-7.9],[-6.7000003,-0.4],[-10.7,-0.7],[-4.2000003,-12.7],[-5.5,-17.800001]]}},"1":{"body":{"vertices":[[-3.7,-19.9],[-1.3000001,-21.4],[-0.6,-26.0],[2.7,-28.5],[5.4,-27.300001],[7.2000003,-25.2],[5.0,-21.0],[4.7000003,-18.4],[5.9,-16.800001],[3.3,-11.5],[6.2000003,-9.1],[7.1,-0.6],[4.1,-0.7],[-1.7,-7.9],[-6.7000003,-0.4],[-10.7,-0.7],[-4.2000003,-12.7],[-5.5,-17.800001]]}}}