{"4":{"body":{"vertices":[[2.9,-25.9],[4.7000003,-23.5],[4.5,-20.800001],[3.0,-19.4],[3.5,-15.400001],[6.4,-12.0],[8.400001,-9.1],[6.9,-7.0],[6.2000003,-0.8],[4.6,-0.8],[3.2,-6.0],[-0.6,-7.5],[-7.0,-0.6],[-9.3,-1.0],[-6.4,-7.9],[-8.2,-11.2],[-7.1,-14.7],[-3.7,-17.5],[-1.5,-19.300001],[-3.1000001,-23.4],[-1.3000001,-25.300001]]}},"0":{"body":{"vertices":[[3.2,-29.6],[5.0,-27.2],[4.4,-23.300001],[2.6000001,-20.6],[3.5,-15.400001],[7.0,-13.1],[7.5,-10.3],[5.3,-9.8],[6.2000003,-0.7],[4.4,-0.90000004],[3.6000001,-7.3],[-1.0,-9.2],[-6.9,-1.3000001],[-9.1,-1.5],[-6.3,-8.8],[-8.2,-11.2],[-7.6,-16.4],[-4.3,-20.0],[-1.6,-20.6],[-3.2,-25.5],[-1.3000001,-29.5]]}},"8":{"body":{"vertices":[[3.2,-29.6],[5.0,-27.2],[4.4,-23.300001],[2.6000001,-20.6],[3.5,-15.400001],[7.0,-13.1],[7.5,-10.3],[5.3,-9.8],[6.2000003,-0.7],[4.4,-0.90000004],[3.6000001,-7.3],[-1.0,-9.2],[-6.9,-1.3000001],[-9.1,-1.5],[-6.3,-8.8],[-8.2,-11.2],[-7.8,-16.4],[-4.3,-20.0],[-1.6,-20.6],[-3.2,-25.5],[-1.3000001,-29.5]]}},"6":{"body":{"vertices":[[2.9,-28.5],[5.0,-27.2],[4.4,-23.300001],[2.6000001,-20.6],[3.5,-15.400001],[7.0,-13.1],[7.5,-10.3],[5.3,-9.8],[6.2000003,-0.7],[4.4,-0.90000004],[3.6000001,-7.3],[-1.0,-9.2],[-6.9,-1.3000001],[-9.1,-1.5],[-6.3,-8.8],[-8.2,-11.2],[-7.6,-16.4],[-4.3,-20.0],[-1.6,-20.6],[-3.2,-25.5],[-1.1,-28.5]]}},"1":{"body":{"vertices":[[2.9,-27.7],[4.7000003,-25.5],[4.7000003,-22.9],[2.8,-20.2],[3.5,-15.400001],[7.0,-13.1],[8.3,-9.400001],[6.2000003,-8.900001],[6.2000003,-0.7],[4.4,-0.90000004],[3.6000001,-7.3],[-1.0,-9.2],[-7.0,-0.6],[-9.3,-1.0],[-6.4,-7.9],[-8.2,-11.2],[-7.3,-15.2],[-3.4,-18.6],[-1.5,-19.300001],[-2.6000001,-24.0],[-1.2,-26.800001]]}},"2":{"body":{"vertices":[[2.9,-25.9],[4.7000003,-23.5],[4.5,-20.800001],[3.0,-19.4],[3.5,-15.400001],[6.4,-12.0],[8.400001,-9.1],[6.9,-7.0],[6.2000003,-0.8],[4.6,-0.8],[3.2,-6.0],[-0.6,-7.5],[-7.0,-0.6],[-9.3,-1.0],[-6.4,-7.9],[-8.2,-11.2],[-7.1,-14.7],[-3.7,-17.5],[-1.5,-19.300001],[-3.1000001,-23.4],[-1.3000001,-25.300001]]}},"9":{"body":{"vertices":[[3.2,-29.6],[5.0,-27.2],[4.4,-23.300001],[2.6000001,-20.6],[3.5,-15.400001],[7.0,-13.1],[7.5,-10.3],[5.3,-9.8],[6.2000003,-0.7],[4.4,-0.90000004],[3.6000001,-7.3],[-1.0,-9.2],[-6.9,-1.3000001],[-9.1,-1.5],[-6.3,-8.8],[-8.2,-11.2],[-7.6,-16.5],[-4.3,-20.0],[-1.6,-20.6],[-3.2,-25.5],[-1.3000001,-29.5]]}},"5":{"body":{"vertices":[[3.8,-26.9],[5.1,-24.5],[4.5,-20.800001],[3.0,-19.4],[3.5,-15.400001],[6.4,-12.0],[8.400001,-9.1],[6.9,-7.0],[6.2000003,-0.8],[4.6,-0.8],[3.2,-6.0],[-0.6,-7.5],[-7.0,-0.6],[-9.3,-1.0],[-6.4,-7.9],[-8.2,-11.2],[-7.1,-14.7],[-3.7,-17.5],[-1.5,-19.300001],[-3.1000001,-23.4],[-1.2,-26.9]]}},"7":{"body":{"vertices":[[3.2,-29.6],[5.0,-27.2],[4.4,-23.300001],[2.6000001,-20.6],[3.5,-15.400001],[7.0,-13.1],[7.5,-10.3],[5.3,-9.8],[6.2000003,-0.7],[4.4,-0.90000004],[3.6000001,-7.3],[-1.0,-9.2],[-6.9,-1.3000001],[-9.1,-1.5],[-6.3,-8.8],[-8.2,-11.2],[-8.5,-16.300001],[-4.3,-20.0],[-1.6,-20.6],[-3.2,-25.5],[-1.3000001,-29.5]]}},"3":{"body":{"vertices":[[2.9,-25.9],[4.7000003,-23.5],[4.5,-20.800001],[3.0,-19.4],[3.5,-15.400001],[6.4,-12.0],[8.400001,-9.1],[6.9,-7.0],[6.2000003,-0.8],[4.6,-0.8],[3.2,-6.0],[-0.6,-7.5],[-7.0,-0.6],[-9.3,-1.0],[-6.4,-7.9],[-8.2,-11.2],[-7.1,-14.7],[-3.7,-17.5],[-1.5,-19.300001],[-3.1000001,-23.4],[-1.3000001,-25.300001]]}}}