{"5":{"body":{"vertices":[[2.0,-31.2],[6.6,-30.2],[7.2000003,-25.4],[4.7000003,-23.0],[4.1,-19.2],[6.5,-22.9],[8.2,-23.1],[9.3,-20.7],[6.9,-16.800001],[3.1000001,-15.6],[4.1,-13.1],[8.900001,-9.5],[10.2,-6.5],[12.0,-5.3],[10.900001,-3.3],[7.7000003,-3.7],[7.6,-6.0],[2.0,-8.400001],[-1.6,-8.6],[-5.4,-6.9],[-14.6,-4.4],[-14.900001,-7.2000003],[-9.900001,-8.400001],[-5.7000003,-12.900001],[-3.3,-16.2],[-4.4,-19.0],[-6.4,-19.6],[-7.1,-17.7],[-11.0,-17.5],[-10.8,-19.800001],[-5.7000003,-23.4],[0.6,-22.4],[-1.1,-25.9],[-0.90000004,-29.2]]}},"0":{"body":{"vertices":[[3.5,-28.300001],[8.7,-26.800001],[8.6,-22.1],[5.9,-19.800001],[4.6,-18.2],[9.8,-15.2],[9.900001,-11.900001],[10.900001,-5.0],[8.3,-4.4],[5.9,-7.4],[-0.7,-8.0],[-2.2,-4.9],[-5.3,-4.3],[-10.1,0.0],[-13.0,-0.8],[-13.3,-1.8000001],[-6.5,-9.6],[-10.2,-11.7],[-7.4,-17.7],[0.1,-20.6],[1.2,-25.4]]}},"7":{"body":{"vertices":[[4.1,-28.1],[7.6,-25.7],[7.5,-21.7],[4.3,-19.7],[3.6000001,-16.2],[3.8,-14.0],[2.2,-8.7],[5.1,-5.3],[0.7,-3.8],[0.0,0.0],[-4.2000003,-0.6],[-3.5,-2.8],[-5.9,-2.3],[-5.0,-6.0],[-2.2,-6.1],[-3.2,-8.1],[-5.8,-8.2],[-5.8,-16.2],[-3.6000001,-19.7],[0.5,-21.5],[0.4,-26.300001]]}},"3":{"body":{"vertices":[[-6.7000003,-16.800001],[-1.8000001,-20.7],[0.2,-25.9],[5.9,-28.0],[8.0,-24.6],[6.2000003,-20.4],[4.2000003,-16.4],[2.6000001,-14.1],[5.0,-9.2],[4.9,-6.1],[-3.0,-5.7000003],[-2.6000001,-0.2],[-7.1,0.0],[-5.1,-5.8],[-5.5,-10.2],[-7.9,-14.5]]}},"6":{"body":{"vertices":[[2.4,-31.1],[7.3,-27.800001],[7.1,-24.9],[3.8,-21.5],[4.2000003,-16.4],[8.3,-16.800001],[8.900001,-14.400001],[3.7,-14.1],[3.8,-12.1],[6.6,-8.7],[7.7000003,-5.1],[8.6,-0.6],[5.8,-0.5],[4.9,-5.2000003],[1.6,-8.1],[-2.0,-7.2000003],[-7.1,-4.2000003],[-11.5,-5.4],[-14.3,-6.4],[-13.2,-8.400001],[-7.8,-8.1],[-5.8,-11.5],[-3.1000001,-15.6],[-3.8,-18.1],[-5.7000003,-13.2],[-8.900001,-13.1],[-9.0,-16.2],[-6.6,-18.7],[-3.7,-21.300001],[0.90000004,-23.2],[-1.3000001,-25.800001],[-0.4,-29.7]]}},"1":{"body":{"vertices":[[3.3,-30.9],[8.3,-28.4],[6.2000003,-23.4],[5.6,-19.7],[9.3,-18.6],[10.8,-22.5],[12.900001,-21.4],[9.8,-16.1],[3.7,-16.5],[2.2,-13.900001],[6.6,-12.8],[9.8,-9.2],[12.2,-6.4],[9.400001,-4.1],[6.5,-8.0],[-0.1,-8.900001],[-6.2000003,-6.4],[-11.6,-5.2000003],[-13.7,-7.1],[-13.5,-8.900001],[-7.6,-10.5],[-4.8,-14.1],[-4.3,-19.800001],[-6.5,-21.1],[-8.3,-17.5],[-10.7,-17.7],[-11.5,-20.6],[-7.7000003,-23.9],[-1.8000001,-22.9],[1.1,-23.7],[-0.3,-28.7]]}},"4":{"body":{"vertices":[[4.2000003,-29.6],[8.2,-26.0],[6.5,-21.1],[5.0,-17.1],[4.2000003,-14.8],[9.1,-13.7],[9.900001,-8.3],[9.7,-5.2000003],[4.3,-8.400001],[-0.4,-9.6],[-4.9,-5.4],[-9.400001,-0.3],[-11.3,-0.2],[-13.3,-2.5],[-5.7000003,-11.7],[-3.4,-16.5],[-6.5,-13.0],[-8.8,-13.8],[-8.8,-15.400001],[-6.4,-18.2],[1.0,-21.800001],[-0.1,-27.0]]}},"2":{"body":{"vertices":[[2.5,-30.6],[6.3,-30.6],[7.9,-25.800001],[5.5,-23.4],[4.9,-19.2],[9.3,-18.0],[9.8,-15.3],[5.0,-15.0],[2.6000001,-15.2],[6.2000003,-8.3],[8.0,-1.4],[5.8,-0.6],[3.4,-6.0],[-0.1,-9.1],[-4.9,-6.6],[-14.6,-7.3],[-12.400001,-10.0],[-6.0,-10.7],[-3.4,-16.0],[-4.6,-17.4],[-8.3,-13.3],[-12.400001,-12.6],[-12.400001,-14.1],[-4.9,-21.1],[0.5,-22.9],[-0.5,-28.6]]}}}