{"5":{"body":{"vertices":[[6.8,-22.9],[9.1,-19.5],[7.9,-13.900001],[12.8,-11.8],[11.8,-8.8],[6.9,-8.900001],[3.9,-0.1],[-1.6,-0.7],[-0.7,-6.9],[-2.4,-7.1],[-2.9,-13.3],[0.90000004,-16.7],[1.3000001,-22.9]]}},"1":{"body":{"vertices":[[9.3,-22.1],[11.900001,-18.5],[10.7,-12.900001],[14.400001,-7.4],[14.400001,-5.1],[11.400001,-5.7000003],[12.400001,-0.4],[8.900001,-0.8],[7.8,-3.9],[3.4,-0.2],[2.1000001,-1.4],[4.3,-7.8],[1.4,-11.900001],[5.4,-21.2]]}},"0":{"body":{"vertices":[[9.400001,-21.0],[11.900001,-18.5],[10.7,-12.900001],[14.400001,-7.4],[14.400001,-5.1],[11.400001,-5.7000003],[12.400001,-0.4],[8.900001,-0.8],[7.8,-3.9],[3.4,-0.2],[2.1000001,-1.4],[4.3,-7.8],[1.4,-11.900001],[4.5,-20.1]]}},"8":{"body":{"vertices":[[4.0,-10.400001],[2.3,-9.3],[5.1,-8.0],[4.4,-0.4],[1.5,-0.7],[1.8000001,-5.3],[-3.1000001,-0.2],[-5.1,-0.5],[-2.0,-6.8],[-2.0,-10.3],[-3.7,-13.5],[-4.1,-10.7],[-5.7000003,-8.3],[-7.2000003,-14.1],[-4.8,-16.2],[-1.2,-16.2],[-2.0,-18.6],[-1.8000001,-23.5],[3.6000001,-24.1],[6.3,-20.7],[5.0,-17.300001],[3.8,-15.7],[3.5,-13.3],[9.6,-14.0],[9.3,-11.3]]}},"3":{"body":{"vertices":[[9.400001,-21.0],[11.900001,-18.5],[10.7,-12.900001],[12.8,-10.1],[13.400001,-7.4],[9.6,-8.6],[10.400001,-1.0],[8.2,-0.7],[7.8,-3.9],[3.4,-0.2],[2.1000001,-1.4],[4.3,-7.8],[1.4,-11.900001],[3.7,-15.7],[4.9,-21.2]]}},"7":{"body":{"vertices":[[4.0,-10.400001],[2.3,-9.3],[5.1,-8.0],[4.4,-0.4],[1.5,-0.7],[1.8000001,-5.3],[-3.1000001,-0.2],[-5.1,-0.5],[-2.0,-6.8],[-2.0,-10.3],[-3.7,-13.5],[-4.1,-10.7],[-5.7000003,-8.3],[-7.2000003,-14.1],[-4.8,-16.2],[-1.2,-16.2],[-2.0,-18.6],[-1.8000001,-23.5],[3.6000001,-24.1],[6.3,-20.7],[5.0,-17.300001],[3.8,-15.7],[3.5,-13.3],[9.6,-14.0],[9.3,-11.3]]}},"6":{"body":{"vertices":[[4.0,-10.400001],[2.3,-9.3],[5.1,-8.0],[4.4,-0.4],[1.5,-0.7],[1.8000001,-5.3],[-3.1000001,-0.2],[-5.1,-0.5],[-2.0,-6.8],[-2.0,-10.3],[-3.7,-13.5],[-4.1,-10.7],[-5.7000003,-8.3],[-7.2000003,-14.1],[-4.8,-16.2],[-1.2,-16.2],[-2.0,-18.6],[-1.8000001,-23.5],[3.6000001,-24.1],[6.3,-20.7],[5.0,-17.300001],[3.8,-15.7],[3.5,-13.3],[9.6,-14.0],[9.3,-11.3]]}},"2":{"body":{"vertices":[[9.400001,-21.0],[11.900001,-18.5],[10.7,-12.900001],[12.8,-10.1],[13.400001,-7.4],[11.400001,-5.7000003],[12.400001,-0.4],[8.900001,-0.8],[7.8,-3.9],[3.4,-0.2],[2.1000001,-1.4],[4.3,-7.8],[1.4,-11.900001],[3.7,-15.7],[4.9,-21.2]]}},"4":{"body":{"vertices":[[8.1,-21.5],[10.6,-19.0],[9.400001,-13.400001],[14.3,-11.3],[13.3,-8.3],[8.3,-7.4],[7.8,0.3],[2.1000001,-0.2],[3.5,-5.7000003],[0.7,-6.5],[-2.2,-11.8],[2.4,-16.2],[3.6000001,-21.7]]}}}