{"5":{"body":{"vertices":[[0.90000004,-24.0],[5.5,-21.6],[7.4,-19.300001],[6.6,-15.3],[7.9,-10.6],[10.0,-10.0],[12.0,-5.5],[10.400001,-5.1],[8.8,-6.9],[5.9,-6.1],[5.1,-1.5],[2.3,-0.2],[1.7,-3.4],[2.3,-8.400001],[-0.1,-11.6],[-0.5,-15.6],[-2.4,-17.0],[-3.5,-21.9]]}},"11":{"body":{"vertices":[[2.9,-15.5],[4.6,-21.2],[9.7,-21.4],[12.2,-18.0],[10.3,-13.3],[11.6,-9.8],[14.2,-6.7000003],[10.400001,-6.1],[11.900001,-0.5],[9.400001,-0.3],[8.900001,-3.0],[7.0,-3.0],[4.9,-0.6],[2.2,-0.2],[4.1,-5.5],[4.9,-8.2],[1.1,-10.8]]}},"4":{"body":{"vertices":[[1.8000001,-21.300001],[3.5,-23.4],[5.4,-22.2],[3.3,-16.0],[8.1,-17.800001],[6.2000003,-15.1],[6.4,-10.5],[10.400001,-9.3],[10.1,-5.5],[5.6,-1.3000001],[2.0,-0.6],[2.3,-6.1],[-1.1,-10.5],[-4.0,-15.2],[-3.6000001,-20.5]]}},"16":{"body":{"vertices":[[-0.2,-24.7],[4.3,-24.0],[7.5,-21.300001],[4.7000003,-15.400001],[4.9,-13.8],[9.5,-13.900001],[7.1,-10.900001],[3.8,-9.1],[4.9,-7.9],[3.8,-0.7],[2.4,-0.4],[2.1000001,-6.4],[-1.9,-0.4],[-3.6000001,0.2],[-4.3,-2.3],[-0.8,-10.2],[-2.2,-12.8],[-4.3,-10.5],[-5.8,-8.5],[-6.7000003,-13.5],[-0.90000004,-17.300001],[-1.0,-22.5]]}},"9":{"body":{"vertices":[[2.9,-15.5],[4.6,-21.2],[9.7,-21.4],[12.2,-18.0],[10.3,-13.3],[11.6,-9.8],[14.2,-6.7000003],[10.400001,-6.1],[11.900001,-0.5],[9.400001,-0.3],[8.900001,-3.0],[7.0,-3.0],[4.9,-0.6],[2.2,-0.2],[4.1,-5.5],[4.9,-8.2],[1.1,-10.8]]}},"2":{"body":{"vertices":[[4.1,-22.4],[7.3,-20.0],[5.8,-15.0],[9.6,-14.400001],[5.4,-11.1],[4.7000003,-0.2],[2.0,-0.7],[1.2,-2.4],[-2.1000001,-0.90000004],[-3.9,-0.2],[-4.0,-2.6000001],[-1.3000001,-6.1],[-4.5,-7.4],[-5.8,-11.7],[-0.90000004,-14.6],[-0.4,-21.6]]}},"1":{"body":{"vertices":[[4.5,-23.300001],[6.9,-21.4],[4.1,-16.0],[4.9,-13.7],[10.1,-14.1],[8.900001,-11.400001],[3.2,-10.8],[4.9,-7.9],[5.7000003,-0.7],[2.4,-0.8],[1.8000001,-6.2000003],[-2.5,-0.90000004],[-4.1,-0.2],[-1.1,-8.0],[-1.6,-12.3],[-3.1000001,-10.900001],[-5.2000003,-8.900001],[-5.3,-14.400001],[-2.5,-15.7],[-0.7,-17.6],[-1.3000001,-22.9]]}},"10":{"body":{"vertices":[[2.9,-15.5],[4.6,-21.2],[9.7,-21.4],[12.2,-18.0],[10.3,-13.3],[11.6,-9.8],[14.2,-6.7000003],[10.400001,-6.1],[11.900001,-0.5],[9.400001,-0.3],[8.900001,-3.0],[7.0,-3.0],[4.9,-0.6],[2.2,-0.2],[4.1,-5.5],[4.9,-8.2],[1.1,-10.8]]}},"0":{"body":{"vertices":[[4.4,-24.1],[6.9,-21.4],[4.1,-16.0],[4.9,-13.7],[10.1,-14.1],[8.900001,-11.400001],[3.2,-10.8],[4.9,-7.9],[5.7000003,-0.7],[2.4,-0.8],[1.8000001,-6.2000003],[-2.5,-0.90000004],[-4.1,-0.2],[-1.1,-8.0],[-1.6,-12.3],[-3.1000001,-10.900001],[-5.2000003,-8.900001],[-5.3,-14.400001],[-2.5,-15.7],[-0.7,-17.6],[-1.3000001,-22.9]]}},"3":{"body":{"vertices":[[1.1,-21.300001],[5.9,-21.2],[7.9,-19.1],[7.4,-15.5],[9.400001,-14.400001],[4.9,-10.2],[8.2,-6.9],[6.0,-0.7],[2.3,-0.6],[1.7,-1.9],[-3.3,-0.3],[-4.1,-2.7],[-1.6,-4.2000003],[-1.1,-14.3],[0.1,-19.2]]}},"14":{"body":{"vertices":[[1.8000001,-22.800001],[6.8,-23.1],[8.8,-20.7],[7.8,-16.2],[7.1,-13.3],[13.400001,-12.3],[13.0,-9.7],[5.4,-9.400001],[5.9,-6.3],[3.8,0.0],[-1.8000001,-0.6],[-0.90000004,-6.6],[-2.4,-6.8],[-2.5,-14.6],[0.5,-16.4],[0.8,-19.800001]]}},"13":{"body":{"vertices":[[7.1,-22.9],[10.400001,-21.0],[10.400001,-15.3],[8.900001,-13.0],[13.0,-11.400001],[13.400001,-9.1],[7.7000003,-9.2],[7.2000003,-2.3],[8.2,-0.90000004],[2.0,-0.5],[3.8,-8.5],[-0.1,-7.5],[-1.9,-12.5],[2.9,-16.2],[3.7,-21.9]]}},"8":{"body":{"vertices":[[3.8,-15.3],[5.9,-18.300001],[10.1,-18.2],[11.7,-15.900001],[11.2,-12.2],[11.6,-9.8],[14.1,-5.4],[12.400001,-4.0],[11.900001,-0.5],[9.400001,-0.3],[8.900001,-3.0],[7.4,-2.9],[3.4,-0.2],[1.8000001,-2.2],[5.3,-3.9],[1.2,-8.400001],[2.6000001,-11.0]]}},"6":{"body":{"vertices":[[-2.2,-24.300001],[2.3,-23.800001],[6.0,-19.800001],[7.1,-15.1],[7.4,-12.1],[13.400001,-9.7],[12.8,-7.7000003],[7.7000003,-7.8],[5.3,-5.7000003],[3.8,-0.90000004],[2.3,-0.3],[2.3,-3.6000001],[2.3,-9.5],[0.0,-12.5],[-0.4,-15.6],[-2.5,-17.2],[-2.9,-21.4]]}},"12":{"body":{"vertices":[[2.9,-15.5],[4.6,-21.2],[9.7,-21.4],[12.2,-18.0],[10.3,-13.3],[11.6,-9.8],[14.2,-6.7000003],[10.400001,-6.1],[11.900001,-0.5],[9.400001,-0.3],[8.900001,-3.0],[7.0,-3.0],[4.9,-0.6],[2.2,-0.2],[4.1,-5.5],[4.9,-8.2],[1.1,-10.8]]}},"7":{"body":{"vertices":[[3.8,-15.3],[5.9,-18.300001],[10.1,-18.2],[11.7,-15.900001],[11.2,-12.2],[11.6,-9.8],[14.1,-5.4],[12.400001,-4.0],[11.900001,-0.5],[9.400001,-0.3],[8.900001,-3.0],[7.4,-2.9],[3.4,-0.2],[1.8000001,-2.2],[5.3,-3.9],[1.2,-8.400001],[2.6000001,-11.0]]},"attack":{"vertices":[[-6.2000003,-28.5],[-1.9,-34.0],[9.2,-36.3],[20.9,-33.3],[25.5,-29.7],[31.0,-21.6],[33.100002,-14.6],[34.100002,-1.0],[21.5,-0.2],[23.800001,-5.9],[23.300001,-15.2],[20.0,-20.2],[16.5,-23.6],[11.400001,-27.4],[5.8,-29.4]]}},"17":{"body":{"vertices":[[-0.2,-24.7],[4.3,-24.0],[7.5,-21.300001],[4.7000003,-15.400001],[4.9,-13.8],[9.5,-13.900001],[7.1,-10.900001],[3.8,-9.1],[4.9,-7.9],[4.8,-0.5],[2.4,-0.4],[2.1000001,-6.4],[-1.9,-0.4],[-3.6000001,0.2],[-4.3,-2.3],[-0.7,-8.1],[-2.2,-12.8],[-4.3,-10.5],[-5.8,-8.5],[-5.8,-14.1],[-0.90000004,-17.300001],[-1.0,-22.5]]}},"15":{"body":{"vertices":[[-0.2,-24.7],[4.3,-24.0],[7.5,-21.300001],[4.7000003,-15.400001],[4.9,-13.8],[9.5,-13.900001],[7.1,-10.900001],[3.8,-9.1],[4.9,-7.9],[3.8,-0.7],[2.4,-0.4],[2.1000001,-6.4],[-1.9,-0.4],[-3.6000001,0.2],[-4.3,-2.3],[-0.8,-10.2],[-2.2,-12.8],[-4.3,-10.5],[-5.8,-8.5],[-6.7000003,-13.5],[-0.90000004,-17.300001],[-1.0,-22.5]]}}}