{"8":{"body":{"vertices":[[4.847208,-22.655428],[6.2697577,-19.494205],[4.4783983,-15.384616],[3.5827188,-13.329822],[9.905164,-13.962066],[9.27292,-11.591149],[4.26765,-10.379347],[2.5289779,-9.27292],[4.0569024,-8.0084305],[3.8988411,0.10537408],[0.94836676,-0.21074817],[0.2634352,-3.8988411],[-3.0031614,-0.21074817],[-4.8998947,-0.21074817],[-5.16333,-1.6332983],[-1.9494206,-7.903056],[-2.739726,-11.538462],[-5.9009485,-8.113805],[-7.3234987,-11.591149],[-4.847208,-16.069548],[-2.423604,-17.0706],[-1.6332983,-22.97155]]}},"5":{"body":{"vertices":[[10.32666,-10.484721],[10.69547,-13.171761],[6.480506,-12.64489],[6.164384,-14.488936],[6.849315,-16.596418],[8.0084305,-19.9157],[5.005269,-23.49842],[0.2634352,-22.391993],[0.47418338,-17.755533],[-0.15806112,-15.437304],[-2.3709168,-15.121181],[-5.110643,-12.5395155],[-4.847208,-8.324553],[-2.6870391,-7.1654377],[-2.2655427,-10.379347],[-0.5795575,-12.486829],[0.5268704,-9.378293],[0.10537408,-6.5858803],[-4.952582,-0.21074817],[-2.8977873,-0.05268704],[1.369863,-3.846154],[1.0537409,-0.21074817],[4.2149634,-0.2634352],[4.3203373,-1.6859853],[4.847208,-4.4783983],[6.375132,-6.849315],[6.164384,-8.113805],[5.0579557,-9.536354]]}},"9":{"body":{"vertices":[[4.4783983,-24.077978],[6.4278193,-20.12645],[3.4246576,-15.331929],[3.5827188,-13.171761],[9.905164,-13.962066],[9.27292,-11.591149],[4.26765,-10.379347],[2.5289779,-9.27292],[4.0569024,-8.0084305],[3.8988411,0.10537408],[0.94836676,-0.21074817],[0.2634352,-3.8988411],[-3.0031614,-0.21074817],[-4.8998947,-0.21074817],[-5.16333,-1.6332983],[-1.9494206,-7.903056],[-2.739726,-11.538462],[-5.9009485,-8.113805],[-7.3234987,-11.591149],[-4.847208,-16.069548],[-0.84299266,-17.175976],[-1.8967335,-23.234985]]}},"0":{"body":{"vertices":[[4.0569024,-10.32666],[2.3709168,-9.27292],[3.8988411,-8.219178],[4.4783983,-0.31612223],[1.2644889,-0.10537408],[0.36880928,-4.63646],[-3.0031614,-0.15806112],[-5.0579557,-0.47418338],[-1.9494206,-6.7439413],[-1.9494206,-10.273973],[-3.6354058,-13.435196],[-4.0569024,-10.642782],[-5.6375136,-8.271866],[-7.1654377,-14.014753],[-4.7418337,-16.122234],[-1.159115,-16.174921],[-1.9494206,-18.598526],[-1.7386724,-23.49842],[3.6354058,-24.077978],[6.322445,-20.65332],[5.005269,-17.228662],[3.846154,-15.648051],[3.5300317,-13.277135],[9.694416,-13.962066],[9.325606,-11.275027]]}},"7":{"body":{"vertices":[[5.9009485,-22.918863],[7.4815598,-19.178083],[5.005269,-14.646997],[4.3203373,-13.224447],[10.69547,-14.120127],[11.064279,-11.959958],[4.26765,-10.379347],[2.5289779,-9.27292],[4.0569024,-8.0084305],[3.6354058,-0.47418338],[0.94836676,-0.47418338],[0.2634352,-3.8988411],[-3.0031614,-0.21074817],[-4.8998947,-0.21074817],[-5.16333,-1.6332983],[-1.9494206,-7.903056],[-3.0558484,-9.747103],[-5.005269,-7.7976823],[-5.9009485,-11.74921],[-4.0042152,-15.806112],[-0.84299266,-17.175976],[-0.6849315,-22.97155]]}},"4":{"body":{"vertices":[[9.325606,-11.275027],[9.694416,-13.962066],[5.479452,-13.435196],[5.16333,-15.279242],[5.848262,-17.334036],[7.7976823,-20.389885],[4.0042152,-24.236038],[-1.369863,-23.551107],[-0.5268704,-18.440464],[-1.159115,-16.174921],[-3.3719707,-15.911487],[-5.268704,-12.8556385],[-5.848262,-9.114859],[-3.688093,-7.9557433],[-4.0569024,-10.642782],[-1.5806112,-13.277135],[-0.47418338,-10.168599],[-0.47418338,-6.4278193],[-5.0579557,-0.47418338],[-3.0031614,-0.15806112],[0.36880928,-4.63646],[1.2644889,-0.10537408],[4.4783983,-0.31612223],[3.3192837,-2.476291],[6.2697577,-5.0579557],[6.322445,-8.1664915],[3.4246576,-8.219178],[4.0569024,-10.32666]]}},"2":{"body":{"vertices":[[4.0569024,-10.32666],[2.3709168,-9.27292],[3.8988411,-8.219178],[4.4783983,-0.31612223],[1.2644889,-0.10537408],[0.36880928,-4.63646],[-3.0031614,-0.15806112],[-5.0579557,-0.47418338],[-1.9494206,-6.7439413],[-1.9494206,-10.273973],[-3.6354058,-13.435196],[-4.0569024,-10.642782],[-5.6375136,-8.271866],[-7.1654377,-14.014753],[-4.7418337,-16.122234],[-1.159115,-16.174921],[-1.9494206,-18.598526],[-1.7386724,-23.49842],[3.6354058,-24.077978],[6.322445,-20.65332],[5.005269,-17.228662],[3.846154,-15.648051],[3.5300317,-13.277135],[9.694416,-13.962066],[9.325606,-11.275027]]}},"1":{"body":{"vertices":[[4.0569024,-10.32666],[2.3709168,-9.27292],[3.8988411,-8.219178],[4.4783983,-0.31612223],[1.2644889,-0.10537408],[0.36880928,-4.63646],[-3.0031614,-0.15806112],[-5.0579557,-0.47418338],[-1.9494206,-6.7439413],[-1.9494206,-10.273973],[-3.6354058,-13.435196],[-4.0569024,-10.642782],[-5.6375136,-8.271866],[-7.1654377,-14.014753],[-4.7418337,-16.122234],[-1.159115,-16.174921],[-1.9494206,-18.598526],[-1.7386724,-23.49842],[3.6354058,-24.077978],[6.322445,-20.65332],[5.005269,-17.228662],[3.846154,-15.648051],[3.5300317,-13.277135],[9.694416,-13.962066],[9.325606,-11.275027]]}},"6":{"body":{"vertices":[[9.536354,-10.800843],[10.853531,-13.962066],[7.534247,-13.329822],[6.164384,-14.488936],[6.849315,-16.596418],[8.0084305,-19.9157],[5.005269,-23.49842],[0.2634352,-22.391993],[0.47418338,-17.755533],[-0.15806112,-15.437304],[-3.8988411,-15.015807],[-5.110643,-12.5395155],[-4.847208,-8.324553],[-2.6870391,-7.1654377],[-2.2655427,-10.379347],[-1.211802,-10.273973],[-0.94836676,-8.90411],[-1.0537409,-7.3234987],[-4.952582,-0.21074817],[-2.8977873,-0.05268704],[1.369863,-3.846154],[1.0537409,-0.21074817],[4.2149634,-0.2634352],[4.3203373,-1.6859853],[4.847208,-4.4783983],[5.110643,-5.7428875],[5.479452,-7.639621],[5.0579557,-9.536354]]}},"3":{"body":{"vertices":[[4.0569024,-10.32666],[3.4246576,-8.219178],[5.268704,-7.850369],[5.16333,-5.2160172],[3.2665966,-2.3709168],[4.4783983,-0.31612223],[1.2644889,-0.10537408],[0.36880928,-4.63646],[-3.0031614,-0.15806112],[-5.0579557,-0.47418338],[-1.9494206,-6.7439413],[-1.9494206,-10.273973],[-3.6354058,-13.435196],[-4.0569024,-10.642782],[-5.110643,-7.7976823],[-7.1654377,-8.693362],[-6.691254,-13.329822],[-4.7418337,-16.122234],[-1.159115,-16.174921],[-1.9494206,-18.598526],[-1.7386724,-23.49842],[3.6354058,-24.077978],[6.322445,-20.65332],[5.005269,-17.228662],[3.846154,-15.648051],[3.5300317,-13.277135],[9.694416,-13.962066],[9.325606,-11.275027]]}},"10":{"body":{"vertices":[[4.4783983,-24.077978],[6.4278193,-20.12645],[3.4246576,-15.331929],[3.5827188,-13.171761],[9.905164,-13.962066],[9.27292,-11.591149],[4.26765,-10.379347],[2.5289779,-9.27292],[4.0569024,-8.0084305],[3.8988411,0.10537408],[0.94836676,-0.21074817],[0.2634352,-3.8988411],[-3.0031614,-0.21074817],[-4.8998947,-0.21074817],[-5.16333,-1.6332983],[-1.9494206,-7.903056],[-2.739726,-11.538462],[-5.9009485,-8.113805],[-7.3234987,-11.591149],[-4.847208,-16.069548],[-2.2128558,-16.649105],[-2.0021076,-23.814543]]}}}