{"2":{},"4":{},"3":{},"6":{"body":{"vertices":[[1.7,-23.1],[5.1,-23.0],[6.9,-20.6],[5.8,-15.8],[10.7,-9.6],[6.5,-9.8],[4.5,-14.3],[1.5,-10.8],[8.0,-0.5],[4.6,-0.90000004],[-0.2,-6.8],[-1.2,-3.4],[-4.1,-0.5],[-8.400001,-1.1],[-5.2000003,-4.1],[-5.1,-9.0],[-8.5,-8.400001],[-8.900001,-12.0],[-7.0,-16.5],[-1.3000001,-17.6],[-0.5,-21.2]]}},"0":{"body":{"vertices":[[6.2000003,-18.300001],[2.9,-18.5],[-5.9,-13.7],[-3.9,-11.7],[-3.7,-8.7],[-5.1,-3.5],[-9.3,-2.9],[-9.8,-0.2],[-3.7,-0.2],[0.1,-4.9],[3.4,-5.1],[4.7000003,-3.5],[3.7,-0.3],[6.6,-0.5],[5.9,-2.0],[8.3,-4.9],[4.0,-8.6],[4.1,-11.0],[8.6,-11.7],[7.0,-9.0],[12.5,-8.3],[10.900001,-12.0],[12.8,-14.0],[13.3,-17.7],[10.900001,-19.5],[7.7000003,-20.300001]]}},"5":{"body":{"vertices":[[-3.7,-23.9],[-0.90000004,-18.5],[4.1,-14.900001],[1.0,-12.1],[1.9,-9.7],[5.0,-9.5],[8.7,-7.9],[9.3,-6.1],[11.900001,-5.2000003],[11.1,-3.3],[8.8,-3.1000001],[4.7000003,-5.9],[0.0,0.0],[-3.7,-1.1],[-1.7,-3.7],[-6.3,-10.7],[-15.7,-8.8],[-16.0,-11.8],[-10.400001,-13.1],[-7.7000003,-16.7],[-8.7,-18.5],[-8.7,-22.7],[-6.7000003,-23.6]]}},"1":{"body":{"vertices":[[-14.2,-1.8000001],[-6.1,-9.900001],[-6.0,-12.2],[0.90000004,-18.0],[2.3,-21.0],[7.7000003,-23.0],[10.2,-19.0],[16.5,-17.7],[17.1,-15.5],[14.900001,-14.6],[9.1,-15.900001],[6.2000003,-14.900001],[8.7,-13.1],[12.8,-13.1],[11.6,-10.400001],[5.2000003,-11.400001],[1.9,-9.5],[4.2000003,-8.900001],[6.6,-7.4],[-2.0,-1.6],[-3.1000001,-4.2000003],[-1.9,-6.9],[-4.9,-6.8],[-11.400001,-1.1],[-13.7,-0.4]]}}}