{"6":{"body":{"vertices":[[0.2,-24.6],[3.3,-23.1],[6.0,-21.2],[6.3,-16.4],[7.4,-14.6],[7.1,-12.2],[13.3,-10.2],[12.7,-7.6],[5.8,-6.3],[4.2000003,-0.3],[2.1000001,-0.5],[3.0,-9.0],[-2.9,-16.9],[-2.9,-21.1]]}},"4":{"body":{"vertices":[[2.9,-21.1],[3.2,-23.7],[5.2000003,-23.0],[3.3,-15.400001],[6.5,-18.5],[8.1,-17.9],[6.1,-13.8],[6.5,-9.900001],[10.3,-9.3],[10.0,-5.9],[4.5,-0.4],[2.0,-0.4],[2.1000001,-5.6],[-4.2000003,-15.400001],[-3.1000001,-20.9]]}},"3":{"body":{"vertices":[[6.6,-0.4],[-3.8,-0.2],[-4.2000003,-2.5],[-1.2,-4.6],[-0.90000004,-13.7],[1.2,-20.300001],[6.7000003,-19.7],[8.900001,-15.900001],[5.7000003,-10.3],[9.1,-6.2000003],[6.8,-3.8]]}},"8":{"body":{"vertices":[[9.8,-18.5],[12.1,-15.900001],[11.1,-10.8],[14.400001,-7.4],[14.400001,-5.1],[12.1,-4.2000003],[12.400001,-0.4],[8.900001,-0.8],[7.8,-3.9],[3.4,-0.2],[2.1000001,-1.4],[4.3,-4.8],[2.0,-9.400001],[5.3,-17.7]]}},"2":{"body":{"vertices":[[-5.4,-10.900001],[-4.4,-13.3],[-0.7,-15.3],[-0.90000004,-21.4],[4.6,-22.1],[7.1,-20.2],[5.4,-16.7],[4.8,-14.0],[10.400001,-13.7],[8.1,-11.8],[4.1,-9.5],[5.3,-8.400001],[4.9,-0.90000004],[2.5,-0.4],[1.9,-5.6],[-3.5,-0.4],[-3.6000001,-3.1000001],[-1.2,-5.8],[-3.9,-7.7000003]]}},"5":{"body":{"vertices":[[0.2,-22.7],[3.3,-23.5],[5.2000003,-23.0],[6.1,-20.6],[7.1,-14.8],[7.9,-11.0],[10.3,-9.8],[12.1,-5.5],[9.0,-6.8],[5.3,-4.3],[4.5,-0.4],[1.6,-0.7],[3.0,-8.400001],[0.4,-13.1],[-3.2,-16.7],[-3.1000001,-20.9]]}},"1":{"body":{"vertices":[[-5.6,-8.8],[-5.4,-13.900001],[-1.6,-16.1],[-0.2,-23.2],[4.1,-23.2],[7.1,-21.9],[5.4,-16.7],[4.8,-14.0],[10.400001,-13.7],[9.3,-11.400001],[4.1,-9.5],[5.3,-8.400001],[4.9,-0.90000004],[2.5,-0.4],[1.9,-5.6],[-2.3,-0.3],[-4.1,-0.8],[-0.4,-9.1],[-1.5,-11.3],[-3.3,-9.400001]]}},"7":{"attack":{"vertices":[[-6.0,-29.4],[1.2,-34.7],[12.3,-36.2],[20.2,-33.7],[27.0,-28.0],[31.800001,-18.6],[33.0,-0.8],[22.5,0.0],[22.800001,-4.2000003],[23.4,-11.6],[21.800001,-17.6],[19.4,-23.0],[13.1,-28.0],[6.9,-29.0]]},"body":{"vertices":[[9.8,-18.5],[12.1,-15.900001],[11.1,-10.8],[14.400001,-7.4],[14.400001,-5.1],[12.1,-4.2000003],[12.400001,-0.4],[8.900001,-0.8],[7.8,-3.9],[3.4,-0.2],[2.1000001,-1.4],[4.3,-4.8],[2.0,-9.400001],[5.3,-17.7]]}},"0":{"body":{"vertices":[[-5.6,-8.8],[-5.4,-13.900001],[-1.4,-17.6],[-0.5,-23.7],[4.7000003,-24.2],[7.1,-21.9],[5.4,-16.7],[4.8,-14.0],[10.400001,-13.7],[9.3,-11.400001],[4.1,-9.5],[5.3,-8.400001],[4.9,-0.90000004],[2.5,-0.4],[1.9,-5.6],[-2.3,-0.3],[-4.1,-0.8],[-0.4,-9.1],[-1.5,-11.3],[-3.3,-9.400001]]}}}