{"4":{"body":{"vertices":[[9.3,-11.3],[9.6,-14.0],[5.4,-13.5],[5.1,-15.3],[5.8,-17.4],[7.7000003,-20.4],[4.0,-24.300001],[-1.4,-23.6],[-0.6,-18.5],[-1.2,-16.2],[-3.4,-16.0],[-5.3,-12.900001],[-5.9,-9.2],[-3.7,-8.0],[-4.1,-10.7],[-1.6,-13.3],[-0.5,-10.2],[-0.5,-6.5],[-5.1,-0.5],[-3.1000001,-0.2],[0.3,-4.7000003],[1.2,-0.2],[4.4,-0.4],[3.3,-2.5],[6.2000003,-5.1],[6.3,-8.2],[3.4,-8.3],[4.0,-10.400001]]}},"2":{"body":{"vertices":[[4.0,-10.400001],[2.3,-9.3],[3.8,-8.3],[4.4,-0.4],[1.2,-0.2],[0.3,-4.7000003],[-3.1000001,-0.2],[-5.1,-0.5],[-2.0,-6.8],[-2.0,-10.3],[-3.7,-13.5],[-4.1,-10.7],[-5.7000003,-8.3],[-7.2000003,-14.1],[-4.8,-16.2],[-1.2,-16.2],[-2.0,-18.6],[-1.8000001,-23.5],[3.6000001,-24.1],[6.3,-20.7],[5.0,-17.300001],[3.8,-15.7],[3.5,-13.3],[9.6,-14.0],[9.3,-11.3]]}},"9":{"body":{"vertices":[[4.4783983,-24.077978],[6.4278193,-20.12645],[3.4246576,-15.331929],[3.5827188,-13.171761],[9.905164,-13.962066],[9.27292,-11.591149],[4.26765,-10.379347],[2.5289779,-9.27292],[4.0569024,-8.0084305],[3.8988411,0.10537408],[0.94836676,-0.21074817],[0.2634352,-3.8988411],[-3.0031614,-0.21074817],[-4.8998947,-0.21074817],[-5.16333,-1.6332983],[-1.9494206,-7.903056],[-2.739726,-11.538462],[-5.9009485,-8.113805],[-7.3234987,-11.591149],[-4.847208,-16.069548],[-0.84299266,-17.175976],[-1.8967335,-23.234985]]}},"5":{"body":{"vertices":[[10.3,-10.5],[10.6,-13.2],[6.4,-12.7],[6.1,-14.5],[6.8,-16.6],[8.0,-20.0],[5.0,-23.5],[0.2,-22.4],[0.4,-17.800001],[-0.2,-15.5],[-2.4,-15.2],[-5.2000003,-12.6],[-4.9,-8.400001],[-2.7,-7.2000003],[-2.3,-10.400001],[-0.6,-12.5],[0.5,-9.400001],[0.1,-6.6],[-5.0,-0.3],[-2.9,-0.1],[1.3000001,-3.9],[1.0,-0.3],[4.2000003,-0.3],[4.8,-4.5],[6.1,-8.8]]}},"7":{"body":{"vertices":[[5.9,-23.0],[7.4,-19.2],[5.0,-14.7],[4.3,-13.3],[10.6,-14.2],[11.0,-12.0],[4.2000003,-10.400001],[2.5,-9.3],[4.0,-8.1],[3.6000001,-0.5],[0.90000004,-0.5],[0.2,-3.9],[-3.1000001,-0.3],[-4.9,-0.3],[-5.2000003,-1.7],[-2.0,-8.0],[-3.1000001,-9.8],[-5.1,-7.8],[-6.0,-11.8],[-4.1,-15.900001],[-0.90000004,-17.2],[-0.7,-23.0]]}},"8":{"body":{"vertices":[[4.847208,-22.655428],[6.2697577,-19.494205],[4.4783983,-15.384616],[3.5827188,-13.329822],[9.905164,-13.962066],[9.27292,-11.591149],[4.26765,-10.379347],[2.5289779,-9.27292],[4.0569024,-8.0084305],[3.8988411,0.10537408],[0.94836676,-0.21074817],[0.2634352,-3.8988411],[-3.0031614,-0.21074817],[-4.8998947,-0.21074817],[-5.16333,-1.6332983],[-1.9494206,-7.903056],[-2.739726,-11.538462],[-5.9009485,-8.113805],[-7.3234987,-11.591149],[-4.847208,-16.069548],[-2.423604,-17.0706],[-1.6332983,-22.97155]]}},"6":{"body":{"vertices":[[5.0,-9.6],[5.2000003,-4.4],[4.2000003,-0.3],[1.0,-0.3],[1.3000001,-3.9],[-2.9,-0.1],[-5.0,-0.3],[-1.1,-7.4],[-1.2,-10.2],[-2.7,-7.2000003],[-4.9,-8.400001],[-5.2000003,-12.6],[-3.9,-15.1],[-0.2,-15.5],[0.4,-17.800001],[0.2,-22.4],[5.0,-23.5],[8.0,-20.0],[6.1,-14.5],[7.5,-13.400001],[10.8,-14.0],[9.5,-10.900001]]}},"1":{"body":{"vertices":[[4.0,-10.400001],[2.3,-9.3],[3.8,-8.3],[4.4,-0.4],[1.2,-0.2],[0.3,-4.7000003],[-3.1000001,-0.2],[-5.1,-0.5],[-2.0,-6.8],[-2.0,-10.3],[-3.7,-13.5],[-4.1,-10.7],[-5.7000003,-8.3],[-7.2000003,-14.1],[-4.8,-16.2],[-1.2,-16.2],[-2.0,-18.6],[-1.8000001,-23.5],[3.6000001,-24.1],[6.3,-20.7],[5.0,-17.300001],[3.8,-15.7],[3.5,-13.3],[9.6,-14.0],[9.3,-11.3]]}},"0":{"body":{"vertices":[[4.0,-10.400001],[2.3,-9.3],[3.8,-8.3],[4.4,-0.4],[1.2,-0.2],[0.3,-4.7000003],[-3.1000001,-0.2],[-5.1,-0.5],[-2.0,-6.8],[-2.0,-10.3],[-3.7,-13.5],[-4.1,-10.7],[-5.7000003,-8.3],[-7.2000003,-14.1],[-4.8,-16.2],[-1.2,-16.2],[-2.0,-18.6],[-1.8000001,-23.5],[3.6000001,-24.1],[6.3,-20.7],[5.0,-17.300001],[3.8,-15.7],[3.5,-13.3],[9.6,-14.0],[9.3,-11.3]]}},"3":{"body":{"vertices":[[2.9,-10.1],[5.1,-8.2],[5.1,-5.3],[3.2,-2.4],[4.4,-0.4],[1.2,-0.2],[0.3,-4.7000003],[-3.1000001,-0.2],[-5.1,-0.5],[-2.0,-6.8],[-2.0,-10.3],[-3.7,-13.5],[-4.1,-10.7],[-5.2000003,-7.8],[-7.2000003,-8.7],[-6.7000003,-13.400001],[-4.8,-16.2],[-1.2,-16.2],[-2.0,-18.6],[-1.8000001,-23.5],[3.6000001,-24.1],[6.3,-20.7],[3.8,-15.7],[3.5,-13.3],[9.6,-14.0],[9.3,-11.3]]}},"10":{"body":{"vertices":[[4.4783983,-24.077978],[6.4278193,-20.12645],[3.4246576,-15.331929],[3.5827188,-13.171761],[9.905164,-13.962066],[9.27292,-11.591149],[4.26765,-10.379347],[2.5289779,-9.27292],[4.0569024,-8.0084305],[3.8988411,0.10537408],[0.94836676,-0.21074817],[0.2634352,-3.8988411],[-3.0031614,-0.21074817],[-4.8998947,-0.21074817],[-5.16333,-1.6332983],[-1.9494206,-7.903056],[-2.739726,-11.538462],[-5.9009485,-8.113805],[-7.3234987,-11.591149],[-4.847208,-16.069548],[-2.2128558,-16.649105],[-2.0021076,-23.814543]]}}}