{"0":{"body":{"vertices":[[3.7,-27.6],[5.8,-25.9],[5.7000003,-22.2],[3.0,-20.0],[10.2,-16.0],[7.4,-12.5],[5.1,-16.300001],[3.6000001,-14.7],[3.2,-12.2],[5.8,-8.400001],[6.6,-0.1],[4.8,-0.3],[4.0,-6.7000003],[-0.6,-8.6],[-6.5,-0.7],[-8.7,-0.90000004],[-5.8,-8.8],[-2.9,-11.8],[-3.7,-16.0],[-12.900001,-20.2],[-11.3,-22.300001],[-7.0,-19.6],[-1.2,-20.0],[-2.8,-24.9],[0.0,-27.300001]]}},"1":{"body":{"vertices":[[7.7000003,-25.6],[8.3,-22.4],[6.4,-20.800001],[3.0,-20.0],[14.400001,-14.8],[12.3,-11.8],[9.5,-12.1],[7.2000003,-14.6],[4.6,-14.1],[5.1,-11.5],[8.2,-7.3],[6.5,-5.6],[6.6,-0.1],[4.8,-0.3],[4.0,-6.7000003],[-0.6,-8.6],[-6.5,-0.7],[-8.7,-0.90000004],[-4.4,-8.8],[-0.90000004,-12.400001],[-1.2,-16.4],[-3.9,-28.0],[-4.0,-31.800001],[-1.6,-31.300001],[0.1,-27.1],[2.4,-27.4],[6.5,-27.4]]}},"3":{"attack":{"vertices":[[18.4,-10.3],[17.0,-22.0],[11.1,-32.2],[2.3,-39.8],[12.400001,-37.0],[22.0,-31.300001],[26.2,-21.300001],[28.5,-10.6],[27.2,-1.1],[18.0,-3.3]]},"body":{"vertices":[[13.8,-21.4],[12.400001,-17.5],[10.0,-15.2],[16.6,-8.8],[13.6,-6.7000003],[8.400001,-12.400001],[6.3,-8.2],[9.0,-6.5],[6.9,-1.0],[4.3,-0.8],[3.1000001,-5.6],[-3.7,0.0],[-8.7,-1.0],[-0.4,-10.3],[2.1000001,-15.8],[-3.2,-15.6],[-5.5,-17.800001],[-1.5,-20.2],[3.6000001,-18.0],[5.6,-18.6],[6.2000003,-21.800001],[9.5,-24.4]]}},"4":{"body":{"vertices":[[12.900001,-22.7],[15.0,-19.300001],[14.2,-17.300001],[10.6,-14.8],[12.0,-13.5],[12.7,-6.8],[12.0,-3.5],[6.5,-3.2],[6.9,-1.0],[4.3,-0.8],[3.1000001,-5.6],[-3.7,0.0],[-8.7,-1.0],[-0.4,-10.3],[3.3,-14.2],[0.1,-16.9],[-5.0,-19.6],[-1.5,-20.2],[3.6000001,-18.0],[5.3,-17.6],[7.3,-20.4],[9.6,-22.5]]}},"5":{"body":{"vertices":[[-9.900001,-0.8],[-4.3,-12.5],[-4.4,-19.6],[-0.90000004,-20.6],[-0.90000004,-25.9],[1.2,-28.1],[4.9,-28.0],[6.9,-25.9],[5.3,-21.0],[4.8,-18.1],[6.1,-16.5],[3.0,-11.400001],[6.0,-8.900001],[6.3,-3.2],[7.0,-0.4],[4.2000003,-0.3],[3.2,-3.2],[-0.90000004,-8.3],[-7.6,-0.4]]}},"2":{"attack":{"vertices":[[5.9,-25.2],[5.9,-25.2],[-4.5,-28.0],[-19.9,-27.2],[-15.3,-31.4],[-0.4,-34.0],[9.900001,-30.7]]},"body":{"vertices":[[8.400001,-25.4],[9.1,-28.6],[11.3,-28.6],[12.1,-22.4],[8.8,-16.7],[5.6,-10.900001],[8.400001,-7.7000003],[7.1,-0.5],[3.9,-0.7],[3.0,-7.6],[-3.8,0.1],[-8.5,-1.2],[-0.5,-11.7],[-3.0,-15.7],[3.6000001,-19.7],[5.7000003,-24.5]]}}}