{"0":{"body":{"vertices":[[-1.3000001,-29.5],[-3.2,-25.5],[-1.6,-20.6],[-4.3,-20.0],[-7.6,-16.4],[-8.2,-11.2],[-6.3,-8.8],[-9.1,-1.5],[-6.9,-1.3000001],[-1.0,-9.2],[3.6000001,-7.3],[4.4,-0.90000004],[6.2000003,-0.7],[5.3,-9.8],[7.5,-10.3],[7.0,-13.1],[3.5,-15.400001],[2.6000001,-20.6],[4.4,-23.300001],[5.0,-27.2],[3.2,-29.6]]}},"5":{"body":{"vertices":[[-1.2,-26.9],[-3.1000001,-23.4],[-1.5,-19.300001],[-3.7,-17.5],[-7.1,-14.7],[-8.2,-11.2],[-6.4,-7.9],[-9.3,-1.0],[-7.0,-0.6],[-0.6,-7.5],[3.2,-6.0],[4.6,-0.8],[6.2000003,-0.8],[6.9,-7.0],[8.400001,-9.1],[6.4,-12.0],[3.5,-15.400001],[3.0,-19.4],[4.5,-20.800001],[5.1,-24.5],[3.8,-26.9]]}},"7":{"body":{"vertices":[[-1.3000001,-29.5],[-3.2,-25.5],[-1.6,-20.6],[-4.3,-20.0],[-8.5,-16.300001],[-8.2,-11.2],[-6.3,-8.8],[-9.1,-1.5],[-6.9,-1.3000001],[-1.0,-9.2],[3.6000001,-7.3],[4.4,-0.90000004],[6.2000003,-0.7],[5.3,-9.8],[7.5,-10.3],[7.0,-13.1],[3.5,-15.400001],[2.6000001,-20.6],[4.4,-23.300001],[5.0,-27.2],[3.2,-29.6]]}},"3":{"body":{"vertices":[[-1.3000001,-25.300001],[-3.1000001,-23.4],[-1.5,-19.300001],[-3.7,-17.5],[-7.1,-14.7],[-8.2,-11.2],[-6.4,-7.9],[-9.3,-1.0],[-7.0,-0.6],[-0.6,-7.5],[3.2,-6.0],[4.6,-0.8],[6.2000003,-0.8],[6.9,-7.0],[8.400001,-9.1],[6.4,-12.0],[3.5,-15.400001],[3.0,-19.4],[4.5,-20.800001],[4.7000003,-23.5],[2.9,-25.9]]}},"8":{"body":{"vertices":[[-1.3000001,-29.5],[-3.2,-25.5],[-1.6,-20.6],[-4.3,-20.0],[-7.8,-16.4],[-8.2,-11.2],[-6.3,-8.8],[-9.1,-1.5],[-6.9,-1.3000001],[-1.0,-9.2],[3.6000001,-7.3],[4.4,-0.90000004],[6.2000003,-0.7],[5.3,-9.8],[7.5,-10.3],[7.0,-13.1],[3.5,-15.400001],[2.6000001,-20.6],[4.4,-23.300001],[5.0,-27.2],[3.2,-29.6]]}},"4":{"body":{"vertices":[[-1.3000001,-25.300001],[-3.1000001,-23.4],[-1.5,-19.300001],[-3.7,-17.5],[-7.1,-14.7],[-8.2,-11.2],[-6.4,-7.9],[-9.3,-1.0],[-7.0,-0.6],[-0.6,-7.5],[3.2,-6.0],[4.6,-0.8],[6.2000003,-0.8],[6.9,-7.0],[8.400001,-9.1],[6.4,-12.0],[3.5,-15.400001],[3.0,-19.4],[4.5,-20.800001],[4.7000003,-23.5],[2.9,-25.9]]}},"9":{"body":{"vertices":[[-1.3000001,-29.5],[-3.2,-25.5],[-1.6,-20.6],[-4.3,-20.0],[-7.6,-16.5],[-8.2,-11.2],[-6.3,-8.8],[-9.1,-1.5],[-6.9,-1.3000001],[-1.0,-9.2],[3.6000001,-7.3],[4.4,-0.90000004],[6.2000003,-0.7],[5.3,-9.8],[7.5,-10.3],[7.0,-13.1],[3.5,-15.400001],[2.6000001,-20.6],[4.4,-23.300001],[5.0,-27.2],[3.2,-29.6]]}},"6":{"body":{"vertices":[[-1.1,-28.5],[-3.2,-25.5],[-1.6,-20.6],[-4.3,-20.0],[-7.6,-16.4],[-8.2,-11.2],[-6.3,-8.8],[-9.1,-1.5],[-6.9,-1.3000001],[-1.0,-9.2],[3.6000001,-7.3],[4.4,-0.90000004],[6.2000003,-0.7],[5.3,-9.8],[7.5,-10.3],[7.0,-13.1],[3.5,-15.400001],[2.6000001,-20.6],[4.4,-23.300001],[5.0,-27.2],[2.9,-28.5]]}},"1":{"body":{"vertices":[[-1.2,-26.800001],[-2.6000001,-24.0],[-1.5,-19.300001],[-3.4,-18.6],[-7.3,-15.2],[-8.2,-11.2],[-6.4,-7.9],[-9.3,-1.0],[-7.0,-0.6],[-1.0,-9.2],[3.6000001,-7.3],[4.4,-0.90000004],[6.2000003,-0.7],[6.2000003,-8.900001],[8.3,-9.400001],[7.0,-13.1],[3.5,-15.400001],[2.8,-20.2],[4.7000003,-22.9],[4.7000003,-25.5],[2.9,-27.7]]}},"2":{"body":{"vertices":[[-1.3000001,-25.300001],[-3.1000001,-23.4],[-1.5,-19.300001],[-3.7,-17.5],[-7.1,-14.7],[-8.2,-11.2],[-6.4,-7.9],[-9.3,-1.0],[-7.0,-0.6],[-0.6,-7.5],[3.2,-6.0],[4.6,-0.8],[6.2000003,-0.8],[6.9,-7.0],[8.400001,-9.1],[6.4,-12.0],[3.5,-15.400001],[3.0,-19.4],[4.5,-20.800001],[4.7000003,-23.5],[2.9,-25.9]]}}}
